Nombre,Apellido,Edad,Ciudad,Trabajo,Telefono,Fecha
Lucía,Castillo,57,Valencia,Enfermero,+34 656016049,2024-10-06
Carlos,Rojas,29,Madrid,Ingeniero,+34 611083812,2024-10-06
Carlos,Morales,49,Valencia,Ingeniero,+34 666675932,2024-10-06
Miguel,Vazquez,61,Bilbao,Enfermero,+34 686270706,2024-10-06
Pedro,Torres,18,Sevilla,Enfermero,+34 685100469,2024-10-06
Manuel,Hernandez,35,Madrid,Enfermero,+34 628007132,2024-10-06
Juan,Gonzalez,52,Bilbao,Doctor,+34 631360028,2024-10-06
Paula,Mendez,36,Madrid,Ingeniero,+34 630237163,2024-10-06
Luis,Hernandez,54,Madrid,Ingeniero,+34 668985569,2024-10-06
Carmen,Cruz,51,Sevilla,Arquitecto,+34 611219887,2024-10-06
Ana,Martinez,23,Barcelona,Ingeniero,+34 627195089,2024-10-06
Javier,Rojas,20,Barcelona,Ingeniero,+34 645084471,2024-10-06
Sofía,Hernandez,19,Sevilla,Enfermero,+34 619726732,2024-10-06
Juan,Hernandez,36,Bilbao,Doctor,+34 617057570,2024-10-06
Lucía,Morales,63,Bilbao,Doctor,+34 656032116,2024-10-06
Luis,Martinez,46,Barcelona,Ingeniero,+34 630689119,2024-10-06
Javier,Martinez,65,Barcelona,Enfermero,+34 631354799,2024-10-06
Juan,Fernandez,19,Madrid,Profesor,+34 602076201,2024-10-06
Lucía,Rivera,31,Sevilla,Doctor,+34 691510860,2024-10-06
Fernando,Vazquez,33,Barcelona,Arquitecto,+34 628156400,2024-10-06
Miguel,Romero,42,Sevilla,Arquitecto,+34 684109331,2024-10-06
Diego,Castillo,65,Bilbao,Profesor,+34 688226745,2024-10-06
Paula,Gonzalez,20,Bilbao,Doctor,+34 604917565,2024-10-06
Laura,Jimenez,48,Bilbao,Enfermero,+34 677565349,2024-10-06
Manuel,Rodriguez,50,Madrid,Enfermero,+34 691650527,2024-10-06
Isabel,Sanchez,32,Sevilla,Profesor,+34 631423890,2024-10-06
Alberto,Rodriguez,55,Bilbao,Doctor,+34 694669020,2024-10-06
Elena,Sanchez,44,Bilbao,Abogado,+34 675800844,2024-10-06
Luis,Jimenez,36,Bilbao,Abogado,+34 607009152,2024-10-06
Isabel,Castillo,52,Valencia,Ingeniero,+34 694139733,2024-10-06
Ana,Lopez,32,Barcelona,Abogado,+34 696969958,2024-10-06
Pedro,Romero,30,Bilbao,Ingeniero,+34 611787193,2024-10-06
Carlos,Lopez,43,Sevilla,Enfermero,+34 647442223,2024-10-06
Paula,Sanchez,59,Barcelona,Abogado,+34 672848652,2024-10-06
Diego,Lopez,60,Valencia,Doctor,+34 657593677,2024-10-06
Ana,Rodriguez,24,Madrid,Ingeniero,+34 631090717,2024-10-06
Fernando,Gomez,34,Sevilla,Ingeniero,+34 687532961,2024-10-06
Pedro,Cruz,64,Valencia,Doctor,+34 607534795,2024-10-06
Ana,Vazquez,23,Valencia,Arquitecto,+34 680288455,2024-10-06
Valeria,Gomez,23,Valencia,Profesor,+34 623082114,2024-10-06
Carmen,Rodriguez,43,Bilbao,Ingeniero,+34 698080981,2024-10-06
Lucía,Lopez,31,Sevilla,Abogado,+34 611709909,2024-10-06
Miguel,Morales,28,Bilbao,Doctor,+34 696643540,2024-10-06
Diego,Jimenez,25,Bilbao,Doctor,+34 649695537,2024-10-06
Manuel,Gonzalez,35,Bilbao,Arquitecto,+34 640288130,2024-10-06
Luis,Morales,40,Valencia,Ingeniero,+34 653859057,2024-10-06
Sofía,Lopez,32,Bilbao,Profesor,+34 615633889,2024-10-06
Javier,Sanchez,58,Valencia,Ingeniero,+34 667156586,2024-10-06
Carlos,Romero,48,Sevilla,Arquitecto,+34 626857639,2024-10-06
Sofía,Romero,51,Madrid,Profesor,+34 680692733,2024-10-06
Elena,Jimenez,24,Madrid,Profesor,+34 663749894,2024-10-06
Manuel,Fernandez,61,Valencia,Abogado,+34 642242871,2024-10-06
Diego,Rodriguez,45,Sevilla,Profesor,+34 698678853,2024-10-06
Pedro,Morales,53,Sevilla,Profesor,+34 685429389,2024-10-06
Fernando,Cruz,48,Barcelona,Ingeniero,+34 641593089,2024-10-06
Lucía,Torres,37,Sevilla,Arquitecto,+34 684911060,2024-10-06
Paula,Torres,39,Bilbao,Arquitecto,+34 671303875,2024-10-06
Sofía,Mendez,53,Bilbao,Profesor,+34 646406095,2024-10-06
Maria,Castillo,42,Bilbao,Enfermero,+34 696155916,2024-10-06
Pedro,Salazar,23,Barcelona,Profesor,+34 661511434,2024-10-06
Ana,Torres,26,Barcelona,Profesor,+34 658038577,2024-10-06
Sofía,Rivera,33,Sevilla,Arquitecto,+34 665578475,2024-10-06
Miguel,Gonzalez,46,Sevilla,Arquitecto,+34 691990725,2024-10-06
Miguel,Salazar,38,Bilbao,Arquitecto,+34 601798289,2024-10-06
Pedro,Lopez,65,Bilbao,Ingeniero,+34 684995737,2024-10-06
Diego,Torres,64,Barcelona,Arquitecto,+34 623096762,2024-10-06
Juan,Jimenez,48,Madrid,Arquitecto,+34 695850978,2024-10-06
Elena,Mendez,21,Sevilla,Ingeniero,+34 619769072,2024-10-06
Isabel,Torres,24,Barcelona,Arquitecto,+34 617357832,2024-10-06
Paula,Salazar,63,Valencia,Abogado,+34 665076863,2024-10-06
Fernando,Hernandez,44,Bilbao,Enfermero,+34 610462547,2024-10-06
Isabel,Romero,63,Barcelona,Abogado,+34 650420532,2024-10-06
Paula,Martinez,38,Bilbao,Arquitecto,+34 692644803,2024-10-06
Valeria,Hernandez,54,Madrid,Doctor,+34 671587669,2024-10-06
Lucía,Gonzalez,27,Madrid,Doctor,+34 688610906,2024-10-06
Elena,Torres,49,Bilbao,Doctor,+34 609788805,2024-10-06
Ana,Gomez,56,Barcelona,Doctor,+34 682505768,2024-10-06
Manuel,Martinez,37,Madrid,Profesor,+34 645284513,2024-10-06
Isabel,Martinez,43,Barcelona,Enfermero,+34 656942834,2024-10-06
Valeria,Lopez,18,Barcelona,Profesor,+34 662832607,2024-10-06
Sofía,Rojas,57,Bilbao,Abogado,+34 658975487,2024-10-06
Ana,Rivera,41,Bilbao,Doctor,+34 658815842,2024-10-06
Valeria,Rojas,34,Valencia,Abogado,+34 663529335,2024-10-06
Miguel,Lopez,19,Madrid,Abogado,+34 696371186,2024-10-06
Maria,Mendez,18,Valencia,Arquitecto,+34 636072073,2024-10-06
Carmen,Sanchez,27,Valencia,Profesor,+34 607294835,2024-10-06
Diego,Salazar,28,Bilbao,Ingeniero,+34 699891313,2024-10-06
Fernando,Mendez,65,Bilbao,Doctor,+34 689022007,2024-10-06
Elena,Castillo,41,Madrid,Profesor,+34 645599603,2024-10-06
Paula,Cruz,60,Madrid,Doctor,+34 628936175,2024-10-06
Elena,Hernandez,28,Bilbao,Ingeniero,+34 620467109,2024-10-06
Luis,Fernandez,45,Sevilla,Arquitecto,+34 607055777,2024-10-06
Maria,Cruz,21,Barcelona,Ingeniero,+34 651854482,2024-10-06
Diego,Rojas,39,Madrid,Ingeniero,+34 687894271,2024-10-06
Carmen,Martinez,47,Barcelona,Abogado,+34 641892179,2024-10-06
Manuel,Lopez,43,Valencia,Abogado,+34 634780476,2024-10-06
Alberto,Morales,50,Barcelona,Arquitecto,+34 687551604,2024-10-06
Carmen,Rivera,61,Barcelona,Abogado,+34 673928972,2024-10-06
Juan,Gomez,29,Barcelona,Ingeniero,+34 615794839,2024-10-06
Juan,Castillo,34,Sevilla,Profesor,+34 679185377,2024-10-06
Sofía,Fernandez,19,Barcelona,Ingeniero,+34 676803954,2024-10-06
Ana,Salazar,32,Valencia,Abogado,+34 692500436,2024-10-06
Maria,Vazquez,38,Bilbao,Profesor,+34 619066561,2024-10-06
Fernando,Fernandez,26,Sevilla,Abogado,+34 610079459,2024-10-06
Paula,Romero,37,Bilbao,Enfermero,+34 650246417,2024-10-06
Carmen,Castillo,32,Barcelona,Ingeniero,+34 645340271,2024-10-06
Sofía,Castillo,31,Madrid,Arquitecto,+34 618794642,2024-10-06
Javier,Romero,37,Sevilla,Ingeniero,+34 620233237,2024-10-06
Javier,Fernandez,25,Barcelona,Arquitecto,+34 638038678,2024-10-06
Fernando,Romero,29,Barcelona,Profesor,+34 613316987,2024-10-06
Laura,Gonzalez,25,Madrid,Arquitecto,+34 617803690,2024-10-06
Javier,Lopez,20,Madrid,Profesor,+34 602721680,2024-10-06
Carlos,Hernandez,36,Valencia,Abogado,+34 624155378,2024-10-06
Alberto,Vazquez,19,Sevilla,Profesor,+34 651707868,2024-10-06
Juan,Romero,50,Madrid,Doctor,+34 687807178,2024-10-06
Carlos,Torres,38,Valencia,Ingeniero,+34 616482116,2024-10-06
Paula,Castillo,54,Madrid,Arquitecto,+34 675453411,2024-10-06
Carlos,Gonzalez,44,Barcelona,Doctor,+34 678787938,2024-10-06
Valeria,Jimenez,59,Bilbao,Abogado,+34 624703327,2024-10-06
Isabel,Cruz,23,Madrid,Arquitecto,+34 613806448,2024-10-06
Miguel,Mendez,57,Valencia,Doctor,+34 676828811,2024-10-06
Carmen,Vazquez,32,Sevilla,Enfermero,+34 637323189,2024-10-06
Isabel,Gomez,49,Bilbao,Abogado,+34 678573760,2024-10-06
Juan,Rivera,56,Valencia,Arquitecto,+34 660417640,2024-10-06
Juan,Cruz,56,Bilbao,Doctor,+34 659914621,2024-10-06
Paula,Fernandez,55,Bilbao,Profesor,+34 671589960,2024-10-06
Pedro,Fernandez,50,Madrid,Enfermero,+34 621323135,2024-10-06
Juan,Rodriguez,22,Bilbao,Ingeniero,+34 631264767,2024-10-06
Isabel,Mendez,23,Valencia,Profesor,+34 623946338,2024-10-06
Elena,Fernandez,43,Bilbao,Abogado,+34 695109383,2024-10-06
Manuel,Torres,62,Bilbao,Enfermero,+34 693522214,2024-10-06
Luis,Rodriguez,34,Valencia,Doctor,+34 676608017,2024-10-06
Valeria,Gonzalez,47,Bilbao,Profesor,+34 609281722,2024-10-06
Valeria,Rivera,19,Sevilla,Arquitecto,+34 615508554,2024-10-06
Valeria,Castillo,28,Madrid,Profesor,+34 695158565,2024-10-06
Lucía,Rojas,56,Valencia,Doctor,+34 689679983,2024-10-06
Miguel,Martinez,55,Madrid,Enfermero,+34 693356760,2024-10-06
Juan,Martinez,24,Barcelona,Doctor,+34 620956124,2024-10-06
Luis,Castillo,45,Bilbao,Abogado,+34 688014328,2024-10-06
Paula,Rodriguez,18,Valencia,Ingeniero,+34 621491995,2024-10-06
Lucía,Salazar,55,Madrid,Ingeniero,+34 624708327,2024-10-06
Laura,Lopez,48,Madrid,Enfermero,+34 601033921,2024-10-06
Valeria,Fernandez,58,Barcelona,Abogado,+34 660991683,2024-10-06
Miguel,Gomez,63,Barcelona,Enfermero,+34 663520975,2024-10-06
Carmen,Romero,21,Barcelona,Enfermero,+34 648379750,2024-10-06
Carlos,Cruz,64,Barcelona,Doctor,+34 691550423,2024-10-06
Alberto,Mendez,28,Madrid,Profesor,+34 697361895,2024-10-06
Pedro,Gonzalez,20,Valencia,Enfermero,+34 683116813,2024-10-06
Lucía,Hernandez,31,Bilbao,Ingeniero,+34 668275029,2024-10-06
Fernando,Rivera,62,Sevilla,Arquitecto,+34 659899092,2024-10-06
Javier,Cruz,34,Madrid,Arquitecto,+34 646174514,2024-10-06
Ana,Fernandez,53,Valencia,Doctor,+34 641030790,2024-10-06
Isabel,Hernandez,21,Bilbao,Ingeniero,+34 621053920,2024-10-06
Fernando,Salazar,60,Madrid,Abogado,+34 607148298,2024-10-06
Sofía,Torres,24,Madrid,Ingeniero,+34 613020667,2024-10-06
Carmen,Lopez,27,Sevilla,Enfermero,+34 659386794,2024-10-06
Manuel,Vazquez,33,Sevilla,Abogado,+34 671868096,2024-10-06
Laura,Morales,45,Madrid,Arquitecto,+34 682237081,2024-10-06
Carmen,Mendez,64,Valencia,Abogado,+34 615563304,2024-10-06
Fernando,Martinez,42,Madrid,Abogado,+34 685494887,2024-10-06
Ana,Sanchez,20,Barcelona,Doctor,+34 667615519,2024-10-06
Lucía,Mendez,45,Madrid,Abogado,+34 691573345,2024-10-06
Laura,Salazar,26,Madrid,Enfermero,+34 661333299,2024-10-06
Diego,Hernandez,22,Valencia,Arquitecto,+34 670849246,2024-10-06
Elena,Salazar,46,Sevilla,Doctor,+34 657082793,2024-10-06
Paula,Vazquez,47,Barcelona,Abogado,+34 637091985,2024-10-06
Javier,Torres,18,Barcelona,Arquitecto,+34 676152184,2024-10-06
Laura,Vazquez,20,Sevilla,Enfermero,+34 694103450,2024-10-06
Carlos,Sanchez,55,Madrid,Enfermero,+34 632211366,2024-10-06
Javier,Rivera,57,Madrid,Profesor,+34 687568569,2024-10-06
Laura,Martinez,54,Valencia,Doctor,+34 654285570,2024-10-06
Carmen,Fernandez,44,Valencia,Doctor,+34 658817828,2024-10-06
Juan,Morales,36,Barcelona,Arquitecto,+34 613739984,2024-10-06
Ana,Mendez,58,Bilbao,Profesor,+34 674228639,2024-10-06
Diego,Sanchez,38,Bilbao,Profesor,+34 657562596,2024-10-06
Isabel,Salazar,43,Valencia,Abogado,+34 611659772,2024-10-06
Javier,Vazquez,52,Madrid,Profesor,+34 635259659,2024-10-06
Sofía,Gonzalez,37,Sevilla,Ingeniero,+34 670170503,2024-10-06
Carmen,Rojas,41,Barcelona,Arquitecto,+34 654037228,2024-10-06
Laura,Fernandez,52,Valencia,Abogado,+34 619089252,2024-10-06
Valeria,Mendez,27,Barcelona,Ingeniero,+34 659364419,2024-10-06
Ana,Rojas,51,Sevilla,Doctor,+34 615378776,2024-10-06
Fernando,Rodriguez,27,Valencia,Ingeniero,+34 661232960,2024-10-06
Carlos,Salazar,63,Valencia,Arquitecto,+34 617398494,2024-10-06
Maria,Romero,30,Madrid,Arquitecto,+34 647183708,2024-10-06
Ana,Gonzalez,48,Madrid,Abogado,+34 644192252,2024-10-06
Valeria,Morales,61,Sevilla,Enfermero,+34 605748238,2024-10-06
Juan,Torres,42,Barcelona,Abogado,+34 666153065,2024-10-06
Lucía,Jimenez,36,Sevilla,Enfermero,+34 668724257,2024-10-06
Alberto,Sanchez,28,Valencia,Enfermero,+34 678422538,2024-10-06
Valeria,Rodriguez,51,Barcelona,Arquitecto,+34 693334855,2024-10-06
Javier,Jimenez,28,Valencia,Profesor,+34 600133430,2024-10-06
Javier,Rodriguez,21,Valencia,Profesor,+34 662824264,2024-10-06
Miguel,Fernandez,44,Sevilla,Ingeniero,+34 699255470,2024-10-06
Carmen,Torres,60,Bilbao,Ingeniero,+34 630059166,2024-10-06
Javier,Gonzalez,63,Madrid,Ingeniero,+34 697136263,2024-10-06
Luis,Rivera,54,Barcelona,Doctor,+34 636497058,2024-10-06
Sofía,Salazar,59,Barcelona,Enfermero,+34 683057669,2024-10-06
Isabel,Gonzalez,20,Barcelona,Ingeniero,+34 629354687,2024-10-06
Valeria,Torres,59,Barcelona,Ingeniero,+34 617533757,2024-10-06
